station,month,mean,std,count,TH_6
AB_3013959,1,0.22450331125827813,1.1405813571222843,302.0,3.646247382625131
AB_3013959,2,0.19227941176470587,0.9585001097477079,272.0,3.06777974100783
AB_3013959,3,0.19096774193548388,0.7634335437057237,310.0,2.481268373052655
AB_3013959,4,0.8170491803278689,2.9635900971660556,305.0,9.707819471826037
AB_3013959,5,1.4044025157232705,4.625670327917933,318.0,15.281413499477068
AB_3013959,6,2.7297734627831716,6.329498575814797,309.0,21.718269190227563
AB_3013959,7,2.913310580204778,7.302161926241105,293.0,24.819796358928095
AB_3013959,8,1.8103448275862069,5.42617932121776,290.0,18.088882791239488
AB_3013959,9,0.8665529010238908,3.2635136426853304,293.0,10.657093829079882
AB_3013959,10,0.3233108108108108,1.0475623931184006,296.0,3.4659979901660125
AB_3013959,11,0.19477351916376306,1.3483506633899598,287.0,4.2398255093336426
AB_3013959,12,0.1274626865671642,0.9193647626036752,335.0,2.88555697437819
AB_3033875,1,0.12581967213114753,0.482906734111358,244.0,1.5745398744652215
AB_3033875,2,0.16502057613168725,0.6278412275511143,243.0,2.04854425878503
AB_3033875,3,0.2911439114391144,1.191697739124739,271.0,3.8662371288133315
AB_3033875,4,0.9195219123505977,2.8427130299272085,251.0,9.447661002132223
AB_3033875,5,1.8992831541218638,4.725599903537361,279.0,16.076082864733948
AB_3033875,6,2.2846153846153845,6.424343922315714,260.0,21.557647151562527
AB_3033875,7,1.0541353383458645,3.4504582419915786,266.0,11.4055100643206
AB_3033875,8,0.8505338078291815,2.628893316811159,281.0,8.737213758262659
AB_3033875,9,1.0596958174904942,5.171402860028181,263.0,16.573904397575035
AB_3033875,10,0.8798507462686567,4.64275489460167,268.0,14.808115430073668
AB_3033875,11,0.2975903614457831,1.2030850032595426,249.0,3.906845371224411
AB_3033875,12,0.11304347826086956,0.4500747579954679,253.0,1.4632677522472732
AB_3034479,1,0.22244094488188976,0.7683514682176038,254.0,2.5274953495347012
AB_3034479,2,0.23092369477911648,0.8966152471445596,249.0,2.9207694362127956
AB_3034479,3,0.3573476702508961,1.210954848405855,279.0,3.990212215468461
AB_3034479,4,0.7775800711743772,2.447979308421248,281.0,8.12151799643812
AB_3034479,5,1.2086805555555555,3.4568259487223205,288.0,11.579158401722516
AB_3034479,6,1.995880149812734,4.54225999037576,267.0,15.622660120940013
AB_3034479,7,0.9984189723320159,3.4473013183244023,253.0,11.340322927305223
AB_3034479,8,0.8240816326530612,3.2101835389841087,245.0,10.454632249605389
AB_3034479,9,1.0888888888888888,4.4496968138088135,270.0,14.43797933031533
AB_3034479,10,0.4560126582278481,1.6312217409332275,316.0,5.34967788102753
AB_3034479,11,0.32990033222591364,1.2721777876407667,301.0,4.146433695148214
AB_3034479,12,0.11794871794871796,0.47442463775771004,312.0,1.541222631221848
AB_3062239,1,0.4719557195571956,1.7999247550822528,271.0,5.871729984803954
AB_3062239,2,0.3719367588932806,1.3834204662577756,253.0,4.522198157666607
AB_3062239,3,0.47719298245614034,1.349702307273882,285.0,4.526299904277787
AB_3062239,4,0.7654135338345864,1.8805677630341628,266.0,6.407116822937075
AB_3062239,5,2.128975265017668,5.699036375814879,283.0,19.226084392462308
AB_3062239,6,3.1819494584837544,5.922411911755951,277.0,20.949185193751607
AB_3062239,7,3.4015564202334634,7.152233965209291,257.0,24.858258315861335
AB_3062239,8,1.8785467128027682,3.8779321297368083,289.0,13.512343102013192
AB_3062239,9,1.3925373134328358,3.7808135158057095,268.0,12.734977860849964
AB_3062239,10,0.41282051282051285,1.0808903052230312,312.0,3.6554914284896065
AB_3062239,11,0.5081699346405228,1.8983768521204858,306.0,6.20330049100198
AB_3062239,12,0.29685534591194973,1.4218627043379062,318.0,4.562443458925668
AB_3062697,1,0.3334677419354839,1.0044681912003697,248.0,3.346872315536593
AB_3062697,2,0.21072961373390559,1.1278664171897395,233.0,3.594328865303124
AB_3062697,3,0.24153846153846154,0.8498725423752309,260.0,2.791156088664154
AB_3062697,4,0.426171875,1.240168629326942,256.0,4.146677762980826
AB_3062697,5,0.8162962962962963,3.278276077189993,270.0,10.651124527866276
AB_3062697,6,3.02,6.526764568889009,245.0,22.600293706667028
AB_3062697,7,3.3153846153846156,8.706319202739705,260.0,29.43434222360373
AB_3062697,8,1.632520325203252,4.879720566354967,246.0,16.271682024268152
AB_3062697,9,1.6179916317991632,5.0032983389797225,239.0,16.627886648738333
AB_3062697,10,0.9923076923076923,3.2067162959996014,260.0,10.612456580306496
AB_3062697,11,0.20288808664259927,0.7046370469006038,277.0,2.3167992273444105
AB_3062697,12,0.3117424242424242,1.1454216990976216,264.0,3.748007521535289
BC_1077499,1,1.226595744680851,3.1932705776215613,282.0,10.806407477545536
BC_1077499,2,0.7095238095238094,1.9130119826959715,273.0,6.448559757611724
BC_1077499,3,0.4714285714285715,1.1844353561453294,287.0,4.024734639864559
BC_1077499,4,0.7923875432525952,2.088995017376074,289.0,7.059372595380817
BC_1077499,5,1.2193146417445482,3.241132252595719,321.0,10.942711399531705
BC_1077499,6,1.2610294117647058,3.119896222943351,272.0,10.62071808059476
BC_1077499,7,1.2144329896907216,2.671677363756966,291.0,9.229465080961619
BC_1077499,8,1.2413793103448276,3.5091675951736954,319.0,11.768882095865914
BC_1077499,9,1.208450704225352,3.206376001214701,284.0,10.827578707869456
BC_1077499,10,1.979,5.404654781855804,300.0,18.19296434556741
BC_1077499,11,1.4455197132616489,3.901112136044193,279.0,13.148856121394228
BC_1077499,12,0.9255737704918033,2.8761270814731805,305.0,9.553955014911345
BC_1096629,1,1.2024000000000001,2.794356446806174,250.0,9.585469340418523
BC_1096629,2,0.8536697247706422,1.949881320056427,218.0,6.703313684939923
BC_1096629,3,0.7959839357429719,1.940792970561159,249.0,6.618362847426449
BC_1096629,4,0.9658333333333334,2.2902739904180667,240.0,7.836655304587533
BC_1096629,5,1.467588932806324,3.380085368773176,253.0,11.60784503912585
BC_1096629,6,1.6281368821292774,3.1878417566060633,263.0,11.191662151947467
BC_1096629,7,1.9287878787878787,3.816624238565759,264.0,13.378660594485158
BC_1096629,8,1.303125,3.2213179220704466,288.0,10.967078766211339
BC_1096629,9,1.6154639175257732,3.2495943579060675,291.0,11.364246991243975
BC_1096629,10,1.720205479452055,3.953688428709333,292.0,13.581270765580054
BC_1096629,11,1.498909090909091,3.784471572484891,275.0,12.852323808363764
BC_1096629,12,1.2413793103448276,4.357915857020589,290.0,14.315126881406593
BC_1114738,1,2.3570588235294117,5.798967735834806,170.0,19.753962031033826
BC_1114738,2,1.5268456375838926,4.604369705852627,149.0,15.339954755141775
BC_1114738,3,1.086624203821656,3.3976442732975984,157.0,11.279557023714453
BC_1114738,4,0.5317567567567568,1.6517579652613685,148.0,5.487030652540862
BC_1114738,5,0.4518987341772152,1.8024301189308174,158.0,5.859189090969667
BC_1114738,6,0.9120300751879699,3.5289718133890906,133.0,11.49894551535524
BC_1114738,7,0.6805369127516778,2.5408999749596326,149.0,8.303236837630575
BC_1114738,8,0.3891891891891892,1.8664054885550927,185.0,5.988405654854468
BC_1114738,9,1.2121052631578948,4.09521734078011,190.0,13.497757285498224
BC_1114738,10,1.7544378698224852,5.166040191433833,169.0,17.252558444123984
BC_1114738,11,2.402659574468085,5.192800790961824,188.0,17.981061947353556
BC_1114738,12,1.5817204301075267,4.166791395982575,186.0,14.082094618055251
BC_1123939,1,0.5135416666666667,1.3825910981195064,288.0,4.661314961025186
BC_1123939,2,0.5022988505747126,1.3170751697046452,261.0,4.4535243596886485
BC_1123939,3,0.5959183673469387,1.4890213727826302,294.0,5.062982485694829
BC_1123939,4,0.6888888888888889,1.9498743313345015,315.0,6.538511882892394
BC_1123939,5,1.3708463949843261,3.3679206541922975,319.0,11.47460835756122
BC_1123939,6,1.3687096774193548,3.2806811609544333,310.0,11.210753160282655
BC_1123939,7,0.5463917525773195,1.6678746659066217,291.0,5.5500157502971845
BC_1123939,8,0.34864864864864864,1.4578129189447575,296.0,4.722087405482921
BC_1123939,9,0.8344155844155844,2.244976436695907,308.0,7.569344894503304
BC_1123939,10,1.017133956386293,2.263705316538487,321.0,7.808249906001754
BC_1123939,11,0.8373376623376623,2.0065857505255305,308.0,6.857094913914253
BC_1123939,12,0.6722222222222222,1.739977936588347,324.0,5.8921560319872635
BC_1161662,1,0.28059701492537314,1.0233629081567515,201.0,3.3506857393956277
BC_1161662,2,0.37653631284916206,1.1797958605412944,179.0,3.915923894473045
BC_1161662,3,0.2109452736318408,0.5873496420276852,201.0,1.9729941997148965
BC_1161662,4,0.43829787234042555,1.3280685491439799,188.0,4.4225035197723646
BC_1161662,5,1.1148936170212767,2.6975709987755603,188.0,9.207606613347957
BC_1161662,6,1.0576470588235294,2.594549428822038,170.0,8.841295345289645
BC_1161662,7,1.6574468085106384,4.582773822287812,188.0,15.405768275374072
BC_1161662,8,0.9634920634920635,2.480517807170913,189.0,8.405045485004802
BC_1161662,9,0.9728155339805825,2.56808533308405,206.0,8.677071533232732
BC_1161662,10,0.7927927927927928,1.861212163363407,222.0,6.376429282883014
BC_1161662,11,0.5676190476190476,1.5678587011629854,210.0,5.271195151108004
BC_1161662,12,0.37433628318584067,1.3138089670749586,226.0,4.3157631844107165
MB_5040689,1,0.138013698630137,0.5164910951392041,292.0,1.6874869840477493
MB_5040689,2,0.09740740740740741,0.565252140288792,270.0,1.7931638282737834
MB_5040689,3,0.3536764705882353,1.4340049503141552,272.0,4.655691321530701
MB_5040689,4,0.5645299145299145,2.4323778068463424,234.0,7.8616633350689415
MB_5040689,5,1.8590909090909091,4.984599164246412,264.0,16.812888401830147
MB_5040689,6,2.8023809523809526,7.4334493747711194,252.0,25.102729076694313
MB_5040689,7,1.5529644268774703,4.415534570398052,253.0,14.799568138071628
MB_5040689,8,1.7545454545454546,6.002086564858128,275.0,19.760805149119836
MB_5040689,9,1.407667731629393,4.2201673915048445,313.0,14.068169906143927
MB_5040689,10,1.2906040268456376,5.399212341630711,298.0,17.48824105173777
MB_5040689,11,0.22121212121212122,1.0495757888829833,297.0,3.369939487861071
MB_5040689,12,0.06366459627329192,0.3510770068289573,322.0,1.116895616760164
MB_5052882,1,0.1690909090909091,0.5141957860555708,55.0,1.7116782672576216
MB_5052882,2,0.1473684210526316,0.5362253201639795,57.0,1.75604438154457
MB_5052882,3,0.23606557377049178,0.7975029335129422,61.0,2.6285743743093186
MB_5052882,4,0.5586206896551724,1.771314754317446,58.0,5.87256495260751
MB_5052882,5,0.7983870967741935,2.2065098867864865,62.0,7.4179167571336535
MB_5052882,6,3.305,5.1664309222688996,60.0,18.8042927668067
MB_5052882,7,2.53859649122807,6.2736909387526785,57.0,21.359669307486104
MB_5052882,8,1.5612903225806452,4.094392600470802,62.0,13.844468123993051
MB_5052882,9,1.0,2.060659066772979,58.0,7.181977200318936
MB_5052882,10,1.1555555555555554,3.423390970188335,63.0,11.42572846612056
MB_5052882,11,0.42592592592592593,1.5168864309645742,81.0,4.976585218819649
MB_5052882,12,0.10428571428571429,0.34950719520934836,70.0,1.1528072999137595
MB_5062040,1,0.312109375,1.0478221315484537,256.0,3.455575769645361
MB_5062040,2,0.1838345864661654,1.1709059365114485,266.0,3.696552396000511
MB_5062040,3,0.46306620209059235,1.5576211261166926,287.0,5.135929580440671
MB_5062040,4,0.5867132867132867,2.374934540549069,286.0,7.711516908360494
MB_5062040,5,1.2421052631578948,3.622200113791278,266.0,12.108705604531728
MB_5062040,6,2.180658436213992,4.472311092356954,243.0,15.597591713284853
MB_5062040,7,2.7416666666666667,7.007797982115318,216.0,23.765060613012622
MB_5062040,8,2.384297520661157,6.587861442391092,242.0,22.147881847834434
MB_5062040,9,1.703623188405797,4.694560247315877,276.0,15.787303930353428
MB_5062040,10,1.3594594594594593,3.5655287070871777,296.0,12.056045580720992
MB_5062040,11,0.3556291390728477,1.1067377917763985,302.0,3.6758425144020435
MB_5062040,12,0.16020066889632106,0.6318620292646145,299.0,2.0557867566901646
NB_8100506,1,1.4409836065573771,3.9150298870370634,61.0,13.186073267668569
NB_8100506,2,0.8508771929824561,2.2744012404380776,57.0,7.674080914296689
NB_8100506,3,1.51,2.8667409003658677,60.0,10.110222701097603
NB_8100506,4,2.510169491525424,5.090989163260171,59.0,17.783136981305937
NB_8100506,5,2.3451612903225807,5.245721985950727,62.0,18.08232724817476
NB_8100506,6,1.3272727272727274,3.556551312586005,55.0,11.996926665030742
NB_8100506,7,2.5483870967741935,4.384987127688598,62.0,15.703348479839988
NB_8100506,8,1.5274193548387098,4.509995069418216,62.0,15.057404563093357
NB_8100506,9,3.1603448275862065,9.838912000454728,58.0,32.677080828950395
NB_8100506,10,3.950769230769231,9.470927935611085,65.0,32.363553037602486
NB_8100506,11,2.813333333333333,6.466372826251969,90.0,22.21245181208924
NB_8100506,12,2.278409090909091,6.199044213752176,88.0,20.87554173216562
NB_8101505,1,1.9806779661016947,7.1034723387009615,295.0,23.29109498220458
NB_8101505,2,1.3935483870967742,3.6280785768216943,248.0,12.277784117561858
NB_8101505,3,1.9354385964912282,5.453184904182995,285.0,18.294993309040212
NB_8101505,4,2.6409722222222225,5.792376501258077,288.0,20.018101725996452
NB_8101505,5,3.11687898089172,7.142596099879263,314.0,24.54466728052951
NB_8101505,6,3.513375796178344,7.728922450232802,314.0,26.70014314687675
NB_8101505,7,2.6517460317460317,9.236718221434153,315.0,30.36190069604849
NB_8101505,8,2.7787581699346404,7.873839634127012,306.0,26.400277072315674
NB_8101505,9,3.1757377049180326,11.308072404699328,305.0,37.099954919016014
NB_8101505,10,3.3246951219512195,8.080654205188422,328.0,27.566657737516483
NB_8101505,11,2.7382636655948556,5.875919876476561,311.0,20.36602329502454
NB_8101505,12,3.0225396825396826,7.255165076072606,315.0,24.7880349107575
NS_8204703,1,4.1000000000000005,8.234538180591493,43.0,28.80361454177448
NS_8204703,2,3.8923076923076922,7.123927179690881,26.0,25.264089231380336
NS_8204703,3,3.008888888888889,4.519343386650836,45.0,16.5669190488414
NS_8204703,4,3.171794871794872,7.731347851037335,78.0,26.36583842490688
NS_8204703,5,3.5274725274725274,6.487972906061832,91.0,22.991391245658022
NS_8204703,6,3.469230769230769,6.730225228321237,91.0,23.65990645419448
NS_8204703,7,3.7734177215189875,9.069103775877231,79.0,30.980729049150682
NS_8204703,8,3.176470588235294,7.726579770161628,102.0,26.356209898720177
NS_8204703,9,3.661904761904762,9.837754969208875,84.0,33.17516966953139
NS_8204703,10,2.744859813084112,6.34897456651072,107.0,21.791783512616274
NS_8204703,11,4.510112359550561,8.270732145010175,89.0,29.322308794581087
NS_8204703,12,5.29,7.8946900151166535,70.0,28.97407004534996
NU_2300427,1,0.62512077294686,3.2874942297418275,207.0,10.487603462172341
NU_2300427,2,0.4575,1.8926580574982534,200.0,6.13547417249476
NU_2300427,3,0.6945454545454546,4.148242437172537,220.0,13.139272766063065
NU_2300427,4,0.1966824644549763,1.200292975594904,211.0,3.7975613912396886
NU_2300427,5,0.3439461883408072,1.2567463485042036,223.0,4.1141852338534175
NU_2300427,6,1.1284810126582276,7.151349182511678,158.0,22.58252856019326
NU_2300427,7,1.1897727272727272,3.2028751288348865,176.0,10.798398113777386
NU_2300427,8,1.907906976744186,4.78214971316841,215.0,16.254356116249415
NU_2300427,9,1.8142857142857143,5.341120405428993,203.0,17.837646930572692
NU_2300427,10,1.2036458333333333,3.4245093261981565,192.0,11.477173811927802
NU_2300427,11,0.07130434782608695,0.3771335735457986,230.0,1.2027050684634826
NU_2300427,12,0.0796812749003984,0.37462714531647084,251.0,1.2035627108498108
NU_2400804,1,0.3433673469387755,2.671464956364234,196.0,8.357762216031476
NU_2400804,2,0.1203125,0.8275073946617615,192.0,2.602834683985284
NU_2400804,3,0.09022222222222223,0.4916194489029931,225.0,1.5650805689312015
NU_2400804,4,0.003947368421052632,0.03792221161817237,228.0,0.11771400327556975
NU_2400804,5,0.14085106382978724,0.6311969019294007,235.0,2.0344417696179895
NU_2400804,6,0.5248780487804878,1.8062569925927734,205.0,5.943649026558807
NU_2400804,7,0.7134883720930233,2.291686400763332,215.0,7.5885475743830195
NU_2400804,8,0.9311926605504587,2.542639045863484,218.0,8.559109798140911
NU_2400804,9,0.8699999999999999,2.6235794846295994,190.0,8.740738453888797
NU_2400804,10,0.4783251231527093,1.3900007666887828,203.0,4.648327423219058
NU_2400804,11,0.05682819383259912,0.44481733498423315,227.0,1.3912801987852985
NU_2400804,12,0.08831775700934578,0.5210173976014583,214.0,1.6513699498137207
ON_6072223,1,0.526829268292683,1.4045487011994737,205.0,4.740475371891105
ON_6072223,2,0.6020408163265306,1.9681296388318943,196.0,6.506429732822213
ON_6072223,3,0.8832618025751072,2.269061708927855,233.0,7.6904469293586715
ON_6072223,4,1.75,4.192020178309671,212.0,14.326060534929013
ON_6072223,5,2.2797297297297296,4.970382317197758,222.0,17.190876681323005
ON_6072223,6,2.471759259259259,7.302614291831571,216.0,24.37960213475397
ON_6072223,7,2.296759259259259,4.930921764614712,216.0,17.089524553103395
ON_6072223,8,3.4598326359832634,6.789560199524271,239.0,23.828513234556077
ON_6072223,9,2.9170833333333333,6.947592207561284,240.0,23.759859956017184
ON_6072223,10,3.2016,6.218704574615631,250.0,21.857713723846892
ON_6072223,11,1.394074074074074,3.6085557762118166,270.0,12.219741402709525
ON_6072223,12,0.9629213483146069,3.236227568829068,267.0,10.67160405480181
ON_6127510,1,1.736842105263158,5.0354948418647245,285.0,16.84332663085733
ON_6127510,2,1.2162544169611307,3.1945905239785493,283.0,10.800025988896778
ON_6127510,3,1.5588235294117647,4.78766607416448,323.0,15.921821751905203
ON_6127510,4,2.701307189542484,5.546157871726342,306.0,19.339780804721507
ON_6127510,5,2.6151898734177212,5.586658452263423,316.0,19.37516523020799
ON_6127510,6,2.969102990033223,6.351252542558646,301.0,22.022860617709156
ON_6127510,7,2.979496402877698,6.318728431207632,278.0,21.935681696500595
ON_6127510,8,2.78839590443686,8.000149944244427,293.0,26.788845737170142
ON_6127510,9,2.590181818181818,6.1229267281788,275.0,20.958962002718216
ON_6127510,10,2.686785714285714,5.920252921054769,280.0,20.447544477450023
ON_6127510,11,2.2018518518518517,5.270147770645423,270.0,18.01229516378812
ON_6127510,12,1.3193333333333335,3.4023048781429033,300.0,11.526247967762043
ON_6155875,1,1.7314079422382673,5.27623766334323,277.0,17.560120932267957
ON_6155875,2,1.3399239543726236,3.2366406569600206,263.0,11.049845925252686
ON_6155875,3,1.6664473684210528,4.42628578144283,304.0,14.945304712749543
ON_6155875,4,2.771232876712329,5.729281620814188,292.0,19.959077739154893
ON_6155875,5,2.0491638795986624,5.016525473078618,299.0,17.098740298834514
ON_6155875,6,2.905921052631579,6.90326113734519,304.0,23.61570446466715
ON_6155875,7,2.092138364779874,5.53793067580926,318.0,18.705930392207655
ON_6155875,8,2.4251633986928107,6.425996444216428,306.0,21.703152731342094
ON_6155875,9,2.236426116838488,5.896332548978488,291.0,19.92542376377395
ON_6155875,10,2.614189189189189,5.933970119090217,296.0,20.41609954645984
ON_6155875,11,1.6071917808219178,4.45660824341322,292.0,14.977016511061578
ON_6155875,12,1.6533333333333333,3.6870352556894628,330.0,12.714439100401723
ON_6166415,1,1.7476744186046511,5.561486380222244,258.0,18.43213355927138
ON_6166415,2,1.3352226720647773,3.7560701888042143,247.0,12.60343323847742
ON_6166415,3,1.486896551724138,4.0859833860988655,290.0,13.744846710020735
ON_6166415,4,2.7173010380622835,6.167757081187101,289.0,21.22057228162359
ON_6166415,5,2.4464163822525595,5.994554817179425,293.0,20.430080833790832
ON_6166415,6,2.8830324909747294,6.246138010486315,277.0,21.621446522433672
ON_6166415,7,1.7380622837370243,4.889111099507709,289.0,16.405395582260155
ON_6166415,8,2.65,6.886838451688052,286.0,23.310515355064155
ON_6166415,9,2.4024561403508775,5.606726430821875,285.0,19.222635432816503
ON_6166415,10,2.547663551401869,5.406755250281689,321.0,18.767929302246934
ON_6166415,11,1.6866883116883118,4.356722097343204,308.0,14.756854603717922
ON_6166415,12,1.5270769230769232,3.5172685649015807,325.0,12.078882617781664
QC_7040444,1,0.8913357400722022,3.014781943334493,277.0,9.935681570075682
QC_7040444,2,0.5225409836065574,2.3015346683439613,244.0,7.427144988638441
QC_7040444,3,1.09182156133829,3.4420587857354707,269.0,11.417997918544703
QC_7040444,4,2.9737037037037037,6.883692084547079,270.0,23.62477995734494
QC_7040444,5,2.9986301369863013,6.112839130938923,292.0,21.33714752980307
QC_7040444,6,2.5818897637795275,5.9354221366613125,254.0,20.388156173763466
QC_7040444,7,2.384892086330935,5.375729837701257,278.0,18.512081599434705
QC_7040444,8,2.8825925925925926,7.038642195750273,270.0,23.998519179843413
QC_7040444,9,2.776078431372549,5.984337851540751,255.0,20.729091985994803
QC_7040444,10,3.4703180212014133,7.218207541437822,283.0,25.124940645514883
QC_7040444,11,2.7738675958188153,6.499374366601221,287.0,22.271990695622478
QC_7040444,12,1.813861386138614,5.202973481920726,303.0,17.422781831900792
QC_7094636,1,0.5420353982300885,1.4939443150663863,226.0,5.023868343429247
QC_7094636,2,0.5287804878048781,1.828880771961032,205.0,6.015422803687974
QC_7094636,3,0.6841201716738198,2.299504486198765,233.0,7.582633630270115
QC_7094636,4,1.2211382113821136,3.685188268832137,246.0,12.276703017878525
QC_7094636,5,2.2383673469387753,4.873834180458086,245.0,16.859869888313035
QC_7094636,6,2.609090909090909,5.477770997744834,242.0,19.04240390232541
QC_7094636,7,3.188702928870293,5.878903851519561,239.0,20.825414483428975
QC_7094636,8,3.0229166666666667,6.483317490560146,240.0,22.472869138347104
QC_7094636,9,3.1622549019607846,6.433011905865737,204.0,22.461290619557996
QC_7094636,10,3.0986046511627907,5.864892212200145,215.0,20.693281287763224
QC_7094636,11,1.566279069767442,3.841528467240427,258.0,13.090864471488723
QC_7094636,12,0.8048,2.1154947962431225,250.0,7.151284388729367
QC_7103280,1,0.0851851851851852,0.7108874002115245,216.0,2.2178473858197587
QC_7103280,2,0.03888888888888889,0.18035279810123753,216.0,0.5799472831926015
QC_7103280,3,0.054098360655737705,0.2965223788343215,244.0,0.9436654971587022
QC_7103280,4,0.2715328467153285,1.8530026678867817,274.0,5.830540850375674
QC_7103280,5,0.33698630136986296,1.2994851583560498,292.0,4.235441776438012
QC_7103280,6,0.7368613138686132,2.659820218063114,274.0,8.716321968057956
QC_7103280,7,1.656439393939394,3.9513241045024956,264.0,13.510411707446881
QC_7103280,8,1.6515901060070672,3.8996120849324774,283.0,13.350426360804498
QC_7103280,9,3.0643478260869563,4.9925217666304755,230.0,18.041913125978382
QC_7103280,10,1.528099173553719,3.945557365934898,242.0,13.364771271358414
QC_7103280,11,0.3473913043478261,1.3379796977307896,230.0,4.361330397540195
QC_7103280,12,0.05776699029126214,0.5492459257063669,206.0,1.7055047674103627
QC_7117823,1,0.35585585585585583,1.3023254303897165,222.0,4.262832147025005
QC_7117823,2,0.16858407079646018,0.7155012133001744,226.0,2.315087710696983
QC_7117823,3,0.34859437751004013,1.3767979565037045,249.0,4.478988247021154
QC_7117823,4,0.7417021276595746,3.4552396228140028,235.0,11.107420996101585
QC_7117823,5,1.35672268907563,3.098852546380478,238.0,10.653280328217065
QC_7117823,6,2.2585774058577406,4.999302437188508,239.0,17.256484717423263
QC_7117823,7,3.7337349397590365,6.278803508151525,249.0,22.57014546421361
QC_7117823,8,3.8821862348178136,7.915319513817875,247.0,27.628144776271437
QC_7117823,9,3.017326732673267,4.7521293244813165,202.0,17.273714706117218
QC_7117823,10,2.4800970873786405,5.549321381520999,206.0,19.12806123194164
QC_7117823,11,0.9245098039215686,2.7943446150197038,204.0,9.30754364898068
QC_7117823,12,0.775,6.6687859185691085,232.0,20.781357755707326
SK_4028038,1,0.08093385214007782,0.32581973469024045,257.0,1.058393056210799
SK_4028038,2,0.1201834862385321,0.45422335935844227,218.0,1.4828535643138587
SK_4028038,3,0.18719999999999998,0.9300408938627526,250.0,2.9773226815882574
SK_4028038,4,0.5429166666666667,1.9031002655250615,240.0,6.252217463241851
SK_4028038,5,1.2853658536585366,4.244096652553641,246.0,14.017655811319461
SK_4028038,6,2.6235537190082643,5.537625262036557,242.0,19.236429505117936
SK_4028038,7,1.4412244897959186,4.80112419923157,245.0,15.844597087490627
SK_4028038,8,1.1656934306569344,4.311827807461949,274.0,14.101176853042782
SK_4028038,9,1.1695970695970697,4.2040061669502915,273.0,13.781615570447943
SK_4028038,10,0.7103092783505154,3.5093417558267936,291.0,11.238334545830895
SK_4028038,11,0.19550561797752808,0.6543509863324,267.0,2.1585585769747277
SK_4028038,12,0.06972789115646258,0.3913771006575205,294.0,1.2438591931290242
SK_4045695,1,0.21914893617021275,1.5246919013719404,282.0,4.793224640286034
SK_4045695,2,0.1090909090909091,0.5357138083713904,264.0,1.7162323342050803
SK_4045695,3,0.14381270903010032,0.6455736055947633,299.0,2.08053352581439
SK_4045695,4,0.8113793103448276,3.0106342365263905,290.0,9.843282019923999
SK_4045695,5,1.2055900621118012,3.8638067914648744,322.0,12.797010436506424
SK_4045695,6,2.390344827586207,5.927425252409094,290.0,20.17262058481349
SK_4045695,7,2.379935275080906,8.1545015053645,309.0,26.843439791174408
SK_4045695,8,1.0248322147651006,3.309000195676278,298.0,10.951832801793934
SK_4045695,9,0.9641891891891892,3.9654441285898194,296.0,12.860521574958648
SK_4045695,10,0.4501650165016502,1.6843430654363023,303.0,5.503194212810557
SK_4045695,11,0.27954545454545454,1.0852297320001218,308.0,3.53523465054582
SK_4045695,12,0.03730886850152905,0.2615716526326694,327.0,0.8220238263995372
SK_4075525,1,0.18480000000000002,0.8579939243941,250.0,2.7587817731823003
SK_4075525,2,0.23090128755364805,1.2873681899880711,233.0,4.093005857517861
SK_4075525,3,0.2786008230452675,1.0812235269387782,243.0,3.522271403861602
SK_4075525,4,0.794809688581315,2.6768180572411837,289.0,8.825263860304867
SK_4075525,5,1.2546925566343041,3.985642127456842,309.0,13.211618939004829
SK_4075525,6,3.067315175097276,6.684931004070488,257.0,23.12210818730874
SK_4075525,7,2.894628099173554,7.204016576908261,242.0,24.506677829898337
SK_4075525,8,1.2789090909090908,5.124785084590203,275.0,16.6532643446797
SK_4075525,9,0.9231833910034603,3.38876548281243,289.0,11.08947983944075
SK_4075525,10,0.8528571428571429,2.8875568633391264,280.0,9.515527732874522
SK_4075525,11,0.19294605809128632,0.8846798109550595,241.0,2.846985490956465
SK_4075525,12,0.03923611111111111,0.23048677427681438,288.0,0.7306964339415543
YT_2100181,1,0.10296610169491525,0.515413173358566,236.0,1.6492056217706133
YT_2100181,2,0.08280542986425339,0.43700770033513225,221.0,1.39382853086965
YT_2100181,3,0.025702811244979917,0.16577654519145163,249.0,0.5230324468193348
YT_2100181,4,0.1971774193548387,0.784278786757933,248.0,2.550013779628638
YT_2100181,5,0.7071428571428571,2.5047104172600965,252.0,8.221274108923147
YT_2100181,6,1.322983870967742,3.215170890324465,248.0,10.968496541941136
YT_2100181,7,3.1019011406844106,6.1030555009933165,263.0,21.41106764366436
YT_2100181,8,1.6756554307116105,4.63511108151342,267.0,15.580988675251872
YT_2100181,9,0.6929133858267716,2.095418722099913,254.0,6.979169552126511
YT_2100181,10,0.20441767068273092,0.7851575262180261,249.0,2.559890249336809
YT_2100181,11,0.07391304347826087,0.5129054079175285,230.0,1.6126292672308462
YT_2100181,12,0.07115384615384615,0.34626330645662906,260.0,1.1099437655237334
